id,name,icon,type,subType,quality,level,levelLimit,price,collectStage,exchangeId,desc
STRING,STRING,STRING,STRING,STRING,STRING,STRING,STRING,STRING,STRING,STRING,STRING
物品id,名字,,"类型
18-装备
16-饰品
21-宝石
4-武器
5-材料
6-消耗品
7-碎片
8-礼包
17-技能
19-装备进阶材料
20-宠物","子类型
消耗品：1-加经验,2-加金币,3-加精力,4-血药,5-蓝药，6-钻石
装备：1-头盔,2-护肩,3-上衣,4-护腿,5-护腕,6-鞋子
饰品：1-耳环,2-项链,3-戒指,4-胸针,5-手镯,6-腰带
宝石：1-红,2-橙,3-黄,4-绿,5-青,6-蓝,7-紫
装备进阶材料：1-金属 2-皮质 3-木炭
技能：
1-技能碎片
2-心法
宠物：1-宠物技能碎片  2-宠物技能心法","品阶
装备：1~20阶
饰品：1-白,2-绿,3-蓝,4-紫,5-黄
心法：
1-白
2-绿
3-蓝
4-紫
5-黄",物品等级,角色等级限制,"出售价格
（金币）","掉落关卡id，
多个用|隔开","兑换id
用于碎片兑换、
礼包兑换",描述
3,1,1,3,3,3,3,3,3,3,3,1
1801101,粗布帽,tou_5.png,18,1,1,1,1,0,0,0,粗布帽
1801102,棉布帽,tou_5.png,18,1,2,10,2,0,0,0,棉布帽
1801103,青丝帽,tou_5.png,18,1,3,20,3,0,0,0,青丝帽
1801104,蚕丝帽,tou_5.png,18,1,4,30,4,0,0,0,蚕丝帽
1801105,狼皮帽,tou_5.png,18,1,5,40,5,0,0,0,狼皮帽
1801106,鹿皮帽,tou_5.png,18,1,6,50,6,0,0,0,鹿皮帽
1801107,虎皮帽,tou_5.png,18,1,7,60,7,0,0,0,虎皮帽
1801108,犀皮帽,tou_5.png,18,1,8,70,8,0,0,0,犀皮帽
1801109,寒铁头盔,tou_5.png,18,1,9,80,9,0,0,0,寒铁头盔
1801110,玄铁头盔,tou_5.png,18,1,10,90,10,0,0,0,玄铁头盔
1801111,青铜头盔,tou_5.png,18,1,11,100,11,0,0,0,青铜头盔
1801112,赤铜头盔,tou_5.png,18,1,12,110,12,0,0,0,赤铜头盔
1801113,镶银头盔,tou_5.png,18,1,13,120,13,0,0,0,镶银头盔
1801114,白银头盔,tou_5.png,18,1,14,130,14,0,0,0,白银头盔
1801115,秘银头盔,tou_5.png,18,1,15,140,15,0,0,0,秘银头盔
1801116,镀金头盔,tou_5.png,18,1,16,150,16,0,0,0,镀金头盔
1801117,黄金头盔,tou_5.png,18,1,17,160,17,0,0,0,黄金头盔
1801118,暗金头盔,tou_5.png,18,1,18,170,18,0,0,0,暗金头盔
1801119,紫金头盔,tou_5.png,18,1,19,180,19,0,0,0,紫金头盔
1801120,钛合头盔,tou_5.png,18,1,20,190,20,0,0,0,钛合头盔
1802101,粗布护肩,jian_5.png,18,2,1,1,1,0,0,0,粗布护肩
1802102,棉布护肩,jian_5.png,18,2,2,10,2,0,0,0,棉布护肩
1802103,青丝护肩,jian_5.png,18,2,3,20,3,0,0,0,青丝护肩
1802104,蚕丝护肩,jian_5.png,18,2,4,30,4,0,0,0,蚕丝护肩
1802105,狼皮护肩,jian_5.png,18,2,5,40,5,0,0,0,狼皮护肩
1802106,鹿皮护肩,jian_5.png,18,2,6,50,6,0,0,0,鹿皮护肩
1802107,虎皮护肩,jian_5.png,18,2,7,60,7,0,0,0,虎皮护肩
1802108,犀皮护肩,jian_5.png,18,2,8,70,8,0,0,0,犀皮护肩
1802109,寒铁护肩,jian_5.png,18,2,9,80,9,0,0,0,寒铁护肩
1802110,玄铁护肩,jian_5.png,18,2,10,90,10,0,0,0,玄铁护肩
1802111,青铜护肩,jian_5.png,18,2,11,100,11,0,0,0,青铜护肩
1802112,赤铜护肩,jian_5.png,18,2,12,110,12,0,0,0,赤铜护肩
1802113,镶银护肩,jian_5.png,18,2,13,120,13,0,0,0,镶银护肩
1802114,白银护肩,jian_5.png,18,2,14,130,14,0,0,0,白银护肩
1802115,秘银护肩,jian_5.png,18,2,15,140,15,0,0,0,秘银护肩
1802116,镀金护肩,jian_5.png,18,2,16,150,16,0,0,0,镀金护肩
1802117,黄金护肩,jian_5.png,18,2,17,160,17,0,0,0,黄金护肩
1802118,暗金护肩,jian_5.png,18,2,18,170,18,0,0,0,暗金护肩
1802119,紫金护肩,jian_5.png,18,2,19,180,19,0,0,0,紫金护肩
1802120,钛合护肩,jian_5.png,18,2,20,190,20,0,0,0,钛合护肩
1803101,粗布铠甲,fang_5.png,18,3,1,1,1,0,0,0,粗布铠甲
1803102,棉布铠甲,fang_5.png,18,3,2,10,2,0,0,0,棉布铠甲
1803103,青丝铠甲,fang_5.png,18,3,3,20,3,0,0,0,青丝铠甲
1803104,蚕丝铠甲,fang_5.png,18,3,4,30,4,0,0,0,蚕丝铠甲
1803105,狼皮铠甲,fang_5.png,18,3,5,40,5,0,0,0,狼皮铠甲
1803106,鹿皮铠甲,fang_5.png,18,3,6,50,6,0,0,0,鹿皮铠甲
1803107,虎皮铠甲,fang_5.png,18,3,7,60,7,0,0,0,虎皮铠甲
1803108,犀皮铠甲,fang_5.png,18,3,8,70,8,0,0,0,犀皮铠甲
1803109,寒铁铠甲,fang_5.png,18,3,9,80,9,0,0,0,寒铁铠甲
1803110,玄铁铠甲,fang_5.png,18,3,10,90,10,0,0,0,玄铁铠甲
1803111,青铜铠甲,fang_5.png,18,3,11,100,11,0,0,0,青铜铠甲
1803112,赤铜铠甲,fang_5.png,18,3,12,110,12,0,0,0,赤铜铠甲
1803113,镶银铠甲,fang_5.png,18,3,13,120,13,0,0,0,镶银铠甲
1803114,白银铠甲,fang_5.png,18,3,14,130,14,0,0,0,白银铠甲
1803115,秘银铠甲,fang_5.png,18,3,15,140,15,0,0,0,秘银铠甲
1803116,镀金铠甲,fang_5.png,18,3,16,150,16,0,0,0,镀金铠甲
1803117,黄金铠甲,fang_5.png,18,3,17,160,17,0,0,0,黄金铠甲
1803118,暗金铠甲,fang_5.png,18,3,18,170,18,0,0,0,暗金铠甲
1803119,紫金铠甲,fang_5.png,18,3,19,180,19,0,0,0,紫金铠甲
1803120,钛合铠甲,fang_5.png,18,3,20,190,20,0,0,0,钛合铠甲
1804101,粗布护腿,shou_5.png,18,4,1,1,1,0,0,0,粗布护腿
1804102,棉布护腿,shou_5.png,18,4,2,10,2,0,0,0,棉布护腿
1804103,青丝护腿,shou_5.png,18,4,3,20,3,0,0,0,青丝护腿
1804104,蚕丝护腿,shou_5.png,18,4,4,30,4,0,0,0,蚕丝护腿
1804105,狼皮护腿,shou_5.png,18,4,5,40,5,0,0,0,狼皮护腿
1804106,鹿皮护腿,shou_5.png,18,4,6,50,6,0,0,0,鹿皮护腿
1804107,虎皮护腿,shou_5.png,18,4,7,60,7,0,0,0,虎皮护腿
1804108,犀皮护腿,shou_5.png,18,4,8,70,8,0,0,0,犀皮护腿
1804109,寒铁护腿,shou_5.png,18,4,9,80,9,0,0,0,寒铁护腿
1804110,玄铁护腿,shou_5.png,18,4,10,90,10,0,0,0,玄铁护腿
1804111,青铜护腿,shou_5.png,18,4,11,100,11,0,0,0,青铜护腿
1804112,赤铜护腿,shou_5.png,18,4,12,110,12,0,0,0,赤铜护腿
1804113,镶银护腿,shou_5.png,18,4,13,120,13,0,0,0,镶银护腿
1804114,白银护腿,shou_5.png,18,4,14,130,14,0,0,0,白银护腿
1804115,秘银护腿,shou_5.png,18,4,15,140,15,0,0,0,秘银护腿
1804116,镀金护腿,shou_5.png,18,4,16,150,16,0,0,0,镀金护腿
1804117,黄金护腿,shou_5.png,18,4,17,160,17,0,0,0,黄金护腿
1804118,暗金护腿,shou_5.png,18,4,18,170,18,0,0,0,暗金护腿
1804119,紫金护腿,shou_5.png,18,4,19,180,19,0,0,0,紫金护腿
1804120,钛合护腿,shou_5.png,18,4,20,190,20,0,0,0,钛合护腿
1805101,粗布护腕,wan_5.png,18,5,1,1,1,0,0,0,粗布护腕
1805102,棉布护腕,wan_5.png,18,5,2,10,2,0,0,0,棉布护腕
1805103,青丝护腕,wan_5.png,18,5,3,20,3,0,0,0,青丝护腕
1805104,蚕丝护腕,wan_5.png,18,5,4,30,4,0,0,0,蚕丝护腕
1805105,狼皮护腕,wan_5.png,18,5,5,40,5,0,0,0,狼皮护腕
1805106,鹿皮护腕,wan_5.png,18,5,6,50,6,0,0,0,鹿皮护腕
1805107,虎皮护腕,wan_5.png,18,5,7,60,7,0,0,0,虎皮护腕
1805108,犀皮护腕,wan_5.png,18,5,8,70,8,0,0,0,犀皮护腕
1805109,寒铁护腕,wan_5.png,18,5,9,80,9,0,0,0,寒铁护腕
1805110,玄铁护腕,wan_5.png,18,5,10,90,10,0,0,0,玄铁护腕
1805111,青铜护腕,wan_5.png,18,5,11,100,11,0,0,0,青铜护腕
1805112,赤铜护腕,wan_5.png,18,5,12,110,12,0,0,0,赤铜护腕
1805113,镶银护腕,wan_5.png,18,5,13,120,13,0,0,0,镶银护腕
1805114,白银护腕,wan_5.png,18,5,14,130,14,0,0,0,白银护腕
1805115,秘银护腕,wan_5.png,18,5,15,140,15,0,0,0,秘银护腕
1805116,镀金护腕,wan_5.png,18,5,16,150,16,0,0,0,镀金护腕
1805117,黄金护腕,wan_5.png,18,5,17,160,17,0,0,0,黄金护腕
1805118,暗金护腕,wan_5.png,18,5,18,170,18,0,0,0,暗金护腕
1805119,紫金护腕,wan_5.png,18,5,19,180,19,0,0,0,紫金护腕
1805120,钛合护腕,wan_5.png,18,5,20,190,20,0,0,0,钛合护腕
1806101,粗布鞋子,tui_5.png,18,6,1,1,1,0,0,0,粗布鞋子
1806102,棉布鞋子,tui_5.png,18,6,2,10,2,0,0,0,棉布鞋子
1806103,青丝鞋子,tui_5.png,18,6,3,20,3,0,0,0,青丝鞋子
1806104,蚕丝鞋子,tui_5.png,18,6,4,30,4,0,0,0,蚕丝鞋子
1806105,狼皮鞋子,tui_5.png,18,6,5,40,5,0,0,0,狼皮鞋子
1806106,鹿皮鞋子,tui_5.png,18,6,6,50,6,0,0,0,鹿皮鞋子
1806107,虎皮鞋子,tui_5.png,18,6,7,60,7,0,0,0,虎皮鞋子
1806108,犀皮鞋子,tui_5.png,18,6,8,70,8,0,0,0,犀皮鞋子
1806109,寒铁鞋子,tui_5.png,18,6,9,80,9,0,0,0,寒铁鞋子
1806110,玄铁鞋子,tui_5.png,18,6,10,90,10,0,0,0,玄铁鞋子
1806111,青铜鞋子,tui_5.png,18,6,11,100,11,0,0,0,青铜鞋子
1806112,赤铜鞋子,tui_5.png,18,6,12,110,12,0,0,0,赤铜鞋子
1806113,镶银鞋子,tui_5.png,18,6,13,120,13,0,0,0,镶银鞋子
1806114,白银鞋子,tui_5.png,18,6,14,130,14,0,0,0,白银鞋子
1806115,秘银鞋子,tui_5.png,18,6,15,140,15,0,0,0,秘银鞋子
1806116,镀金鞋子,tui_5.png,18,6,16,150,16,0,0,0,镀金鞋子
1806117,黄金鞋子,tui_5.png,18,6,17,160,17,0,0,0,黄金鞋子
1806118,暗金鞋子,tui_5.png,18,6,18,170,18,0,0,0,暗金鞋子
1806119,紫金鞋子,tui_5.png,18,6,19,180,19,0,0,0,紫金鞋子
1806120,钛合鞋子,tui_5.png,18,6,20,190,20,0,0,0,钛合鞋子
2101101,1级红宝石,gem_101.png,21,1,1,1,0,200,0,0,1级红宝石
2101102,2级红宝石,gem_101.png,21,1,1,2,0,200,0,0,2级红宝石
2101103,3级红宝石,gem_101.png,21,1,1,3,0,200,0,0,3级红宝石
2101201,4级红宝石,gem_101.png,21,1,2,4,0,200,0,0,4级红宝石
2101202,5级红宝石,gem_101.png,21,1,2,5,0,200,0,0,5级红宝石
2101203,6级红宝石,gem_101.png,21,1,2,6,0,200,0,0,6级红宝石
2101301,7级红宝石,gem_101.png,21,1,3,7,0,200,0,0,7级红宝石
2101302,8级红宝石,gem_101.png,21,1,3,8,0,200,0,0,8级红宝石
2101303,9级红宝石,gem_101.png,21,1,3,9,0,200,0,0,9级红宝石
2101401,10级红宝石,gem_101.png,21,1,4,10,0,200,0,0,10级红宝石
2101402,11级红宝石,gem_101.png,21,1,4,11,0,200,0,0,11级红宝石
2101403,12级红宝石,gem_101.png,21,1,4,12,0,200,0,0,12级红宝石
2101501,13级红宝石,gem_101.png,21,1,5,13,0,200,0,0,13级红宝石
2101502,14级红宝石,gem_101.png,21,1,5,14,0,200,0,0,14级红宝石
2101503,15级红宝石,gem_101.png,21,1,5,15,0,200,0,0,15级红宝石
2102101,1级橙宝石,gem_101.png,21,1,1,1,0,200,0,0,1级橙宝石
2102102,2级橙宝石,gem_101.png,21,1,1,2,0,200,0,0,2级橙宝石
2102103,3级橙宝石,gem_101.png,21,1,1,3,0,200,0,0,3级橙宝石
2102201,4级橙宝石,gem_101.png,21,1,2,4,0,200,0,0,4级橙宝石
2102202,5级橙宝石,gem_101.png,21,1,2,5,0,200,0,0,5级橙宝石
2102203,6级橙宝石,gem_101.png,21,1,2,6,0,200,0,0,6级橙宝石
2102301,7级橙宝石,gem_101.png,21,1,3,7,0,200,0,0,7级橙宝石
2102302,8级橙宝石,gem_101.png,21,1,3,8,0,200,0,0,8级橙宝石
2102303,9级橙宝石,gem_101.png,21,1,3,9,0,200,0,0,9级橙宝石
2102401,10级橙宝石,gem_101.png,21,1,4,10,0,200,0,0,10级橙宝石
2102402,11级橙宝石,gem_101.png,21,1,4,11,0,200,0,0,11级橙宝石
2102403,12级橙宝石,gem_101.png,21,1,4,12,0,200,0,0,12级橙宝石
2102501,13级橙宝石,gem_101.png,21,1,5,13,0,200,0,0,13级橙宝石
2102502,14级橙宝石,gem_101.png,21,1,5,14,0,200,0,0,14级橙宝石
2102503,15级橙宝石,gem_101.png,21,1,5,15,0,200,0,0,15级橙宝石
2103101,1级黄宝石,gem_101.png,21,1,1,1,0,200,0,0,1级黄宝石
2103102,2级黄宝石,gem_101.png,21,1,1,2,0,200,0,0,2级黄宝石
2103103,3级黄宝石,gem_101.png,21,1,1,3,0,200,0,0,3级黄宝石
2103201,4级黄宝石,gem_101.png,21,1,2,4,0,200,0,0,4级黄宝石
2103202,5级黄宝石,gem_101.png,21,1,2,5,0,200,0,0,5级黄宝石
2103203,6级黄宝石,gem_101.png,21,1,2,6,0,200,0,0,6级黄宝石
2103301,7级黄宝石,gem_101.png,21,1,3,7,0,200,0,0,7级黄宝石
2103302,8级黄宝石,gem_101.png,21,1,3,8,0,200,0,0,8级黄宝石
2103303,9级黄宝石,gem_101.png,21,1,3,9,0,200,0,0,9级黄宝石
2103401,10级黄宝石,gem_101.png,21,1,4,10,0,200,0,0,10级黄宝石
2103402,11级黄宝石,gem_101.png,21,1,4,11,0,200,0,0,11级黄宝石
2103403,12级黄宝石,gem_101.png,21,1,4,12,0,200,0,0,12级黄宝石
2103501,13级黄宝石,gem_101.png,21,1,5,13,0,200,0,0,13级黄宝石
2103502,14级黄宝石,gem_101.png,21,1,5,14,0,200,0,0,14级黄宝石
2103503,15级黄宝石,gem_101.png,21,1,5,15,0,200,0,0,15级黄宝石
2104101,1级绿宝石,gem_101.png,21,1,1,1,0,200,0,0,1级绿宝石
2104102,2级绿宝石,gem_101.png,21,1,1,2,0,200,0,0,2级绿宝石
2104103,3级绿宝石,gem_101.png,21,1,1,3,0,200,0,0,3级绿宝石
2104201,4级绿宝石,gem_101.png,21,1,2,4,0,200,0,0,4级绿宝石
2104202,5级绿宝石,gem_101.png,21,1,2,5,0,200,0,0,5级绿宝石
2104203,6级绿宝石,gem_101.png,21,1,2,6,0,200,0,0,6级绿宝石
2104301,7级绿宝石,gem_101.png,21,1,3,7,0,200,0,0,7级绿宝石
2104302,8级绿宝石,gem_101.png,21,1,3,8,0,200,0,0,8级绿宝石
2104303,9级绿宝石,gem_101.png,21,1,3,9,0,200,0,0,9级绿宝石
2104401,10级绿宝石,gem_101.png,21,1,4,10,0,200,0,0,10级绿宝石
2104402,11级绿宝石,gem_101.png,21,1,4,11,0,200,0,0,11级绿宝石
2104403,12级绿宝石,gem_101.png,21,1,4,12,0,200,0,0,12级绿宝石
2104501,13级绿宝石,gem_101.png,21,1,5,13,0,200,0,0,13级绿宝石
2104502,14级绿宝石,gem_101.png,21,1,5,14,0,200,0,0,14级绿宝石
2104503,15级绿宝石,gem_101.png,21,1,5,15,0,200,0,0,15级绿宝石
2105101,1级青宝石,gem_101.png,21,1,1,1,0,200,0,0,1级青宝石
2105102,2级青宝石,gem_101.png,21,1,1,2,0,200,0,0,2级青宝石
2105103,3级青宝石,gem_101.png,21,1,1,3,0,200,0,0,3级青宝石
2105201,4级青宝石,gem_101.png,21,1,2,4,0,200,0,0,4级青宝石
2105202,5级青宝石,gem_101.png,21,1,2,5,0,200,0,0,5级青宝石
2105203,6级青宝石,gem_101.png,21,1,2,6,0,200,0,0,6级青宝石
2105301,7级青宝石,gem_101.png,21,1,3,7,0,200,0,0,7级青宝石
2105302,8级青宝石,gem_101.png,21,1,3,8,0,200,0,0,8级青宝石
2105303,9级青宝石,gem_101.png,21,1,3,9,0,200,0,0,9级青宝石
2105401,10级青宝石,gem_101.png,21,1,4,10,0,200,0,0,10级青宝石
2105402,11级青宝石,gem_101.png,21,1,4,11,0,200,0,0,11级青宝石
2105403,12级青宝石,gem_101.png,21,1,4,12,0,200,0,0,12级青宝石
2105501,13级青宝石,gem_101.png,21,1,5,13,0,200,0,0,13级青宝石
2105502,14级青宝石,gem_101.png,21,1,5,14,0,200,0,0,14级青宝石
2105503,15级青宝石,gem_101.png,21,1,5,15,0,200,0,0,15级青宝石
2106101,1级蓝宝石,gem_101.png,21,1,1,1,0,200,0,0,1级蓝宝石
2106102,2级蓝宝石,gem_101.png,21,1,1,2,0,200,0,0,2级蓝宝石
2106103,3级蓝宝石,gem_101.png,21,1,1,3,0,200,0,0,3级蓝宝石
2106201,4级蓝宝石,gem_101.png,21,1,2,4,0,200,0,0,4级蓝宝石
2106202,5级蓝宝石,gem_101.png,21,1,2,5,0,200,0,0,5级蓝宝石
2106203,6级蓝宝石,gem_101.png,21,1,2,6,0,200,0,0,6级蓝宝石
2106301,7级蓝宝石,gem_101.png,21,1,3,7,0,200,0,0,7级蓝宝石
2106302,8级蓝宝石,gem_101.png,21,1,3,8,0,200,0,0,8级蓝宝石
2106303,9级蓝宝石,gem_101.png,21,1,3,9,0,200,0,0,9级蓝宝石
2106401,10级蓝宝石,gem_101.png,21,1,4,10,0,200,0,0,10级蓝宝石
2106402,11级蓝宝石,gem_101.png,21,1,4,11,0,200,0,0,11级蓝宝石
2106403,12级蓝宝石,gem_101.png,21,1,4,12,0,200,0,0,12级蓝宝石
2106501,13级蓝宝石,gem_101.png,21,1,5,13,0,200,0,0,13级蓝宝石
2106502,14级蓝宝石,gem_101.png,21,1,5,14,0,200,0,0,14级蓝宝石
2106503,15级蓝宝石,gem_101.png,21,1,5,15,0,200,0,0,15级蓝宝石
2107101,1级紫宝石,gem_101.png,21,1,1,1,0,200,0,0,1级紫宝石
2107102,2级紫宝石,gem_101.png,21,1,1,2,0,200,0,0,2级紫宝石
2107103,3级紫宝石,gem_101.png,21,1,1,3,0,200,0,0,3级紫宝石
2107201,4级紫宝石,gem_101.png,21,1,2,4,0,200,0,0,4级紫宝石
2107202,5级紫宝石,gem_101.png,21,1,2,5,0,200,0,0,5级紫宝石
2107203,6级紫宝石,gem_101.png,21,1,2,6,0,200,0,0,6级紫宝石
2107301,7级紫宝石,gem_101.png,21,1,3,7,0,200,0,0,7级紫宝石
2107302,8级紫宝石,gem_101.png,21,1,3,8,0,200,0,0,8级紫宝石
2107303,9级紫宝石,gem_101.png,21,1,3,9,0,200,0,0,9级紫宝石
2107401,10级紫宝石,gem_101.png,21,1,4,10,0,200,0,0,10级紫宝石
2107402,11级紫宝石,gem_101.png,21,1,4,11,0,200,0,0,11级紫宝石
2107403,12级紫宝石,gem_101.png,21,1,4,12,0,200,0,0,12级紫宝石
2107501,13级紫宝石,gem_101.png,21,1,5,13,0,200,0,0,13级紫宝石
2107502,14级紫宝石,gem_101.png,21,1,5,14,0,200,0,0,14级紫宝石
2107503,15级紫宝石,gem_101.png,21,1,5,15,0,200,0,0,15级紫宝石
1601101,普通祭祀耳环,fengchuerhuan.png,16,1,1,5,5,200,0,0,普通祭祀耳环
1601102,普通迷惑耳环,fengchuerhuan.png,16,1,1,10,10,200,0,0,普通迷惑耳环
1601103,普通幻术耳环,fengchuerhuan.png,16,1,1,20,20,200,0,0,普通幻术耳环
1601104,普通吸血耳环,fengchuerhuan.png,16,1,1,30,30,200,0,0,普通吸血耳环
1601105,普通破冰耳环,fengchuerhuan.png,16,1,1,40,40,200,0,0,普通破冰耳环
1601106,普通杀戮耳环,fengchuerhuan.png,16,1,1,50,50,200,0,0,普通杀戮耳环
1601107,普通辟邪耳环,fengchuerhuan.png,16,1,1,60,60,200,0,0,普通辟邪耳环
1601108,普通驱魔耳环,fengchuerhuan.png,16,1,1,70,70,200,0,0,普通驱魔耳环
1601109,普通征服耳环,fengchuerhuan.png,16,1,1,80,80,200,0,0,普通征服耳环
1601110,普通毁灭耳环,fengchuerhuan.png,16,1,1,90,90,200,0,0,普通毁灭耳环
1601201,优秀祭祀耳环,fengchuerhuan.png,16,1,2,5,5,200,0,0,优秀祭祀耳环
1601202,优秀迷惑耳环,fengchuerhuan.png,16,1,2,10,10,200,0,0,优秀迷惑耳环
1601203,优秀幻术耳环,fengchuerhuan.png,16,1,2,20,20,200,0,0,优秀幻术耳环
1601204,优秀吸血耳环,fengchuerhuan.png,16,1,2,30,30,200,0,0,优秀吸血耳环
1601205,优秀破冰耳环,fengchuerhuan.png,16,1,2,40,40,200,0,0,优秀破冰耳环
1601206,优秀杀戮耳环,fengchuerhuan.png,16,1,2,50,50,200,0,0,优秀杀戮耳环
1601207,优秀辟邪耳环,fengchuerhuan.png,16,1,2,60,60,200,0,0,优秀辟邪耳环
1601208,优秀驱魔耳环,fengchuerhuan.png,16,1,2,70,70,200,0,0,优秀驱魔耳环
1601209,优秀征服耳环,fengchuerhuan.png,16,1,2,80,80,200,0,0,优秀征服耳环
1601210,优秀毁灭耳环,fengchuerhuan.png,16,1,2,90,90,200,0,0,优秀毁灭耳环
1601301,完美祭祀耳环,fengchuerhuan.png,16,1,3,5,5,200,0,0,完美祭祀耳环
1601302,完美迷惑耳环,fengchuerhuan.png,16,1,3,10,10,200,0,0,完美迷惑耳环
1601303,完美幻术耳环,fengchuerhuan.png,16,1,3,20,20,200,0,0,完美幻术耳环
1601304,完美吸血耳环,fengchuerhuan.png,16,1,3,30,30,200,0,0,完美吸血耳环
1601305,完美破冰耳环,fengchuerhuan.png,16,1,3,40,40,200,0,0,完美破冰耳环
1601306,完美杀戮耳环,fengchuerhuan.png,16,1,3,50,50,200,0,0,完美杀戮耳环
1601307,完美辟邪耳环,fengchuerhuan.png,16,1,3,60,60,200,0,0,完美辟邪耳环
1601308,完美驱魔耳环,fengchuerhuan.png,16,1,3,70,70,200,0,0,完美驱魔耳环
1601309,完美征服耳环,fengchuerhuan.png,16,1,3,80,80,200,0,0,完美征服耳环
1601310,完美毁灭耳环,fengchuerhuan.png,16,1,3,90,90,200,0,0,完美毁灭耳环
1601401,史诗祭祀耳环,fengchuerhuan.png,16,1,4,5,5,200,0,0,史诗祭祀耳环
1601402,史诗迷惑耳环,fengchuerhuan.png,16,1,4,10,10,200,0,0,史诗迷惑耳环
1601403,史诗幻术耳环,fengchuerhuan.png,16,1,4,20,20,200,0,0,史诗幻术耳环
1601404,史诗吸血耳环,fengchuerhuan.png,16,1,4,30,30,200,0,0,史诗吸血耳环
1601405,史诗破冰耳环,fengchuerhuan.png,16,1,4,40,40,200,0,0,史诗破冰耳环
1601406,史诗杀戮耳环,fengchuerhuan.png,16,1,4,50,50,200,0,0,史诗杀戮耳环
1601407,史诗辟邪耳环,fengchuerhuan.png,16,1,4,60,60,200,0,0,史诗辟邪耳环
1601408,史诗驱魔耳环,fengchuerhuan.png,16,1,4,70,70,200,0,0,史诗驱魔耳环
1601409,史诗征服耳环,fengchuerhuan.png,16,1,4,80,80,200,0,0,史诗征服耳环
1601410,史诗毁灭耳环,fengchuerhuan.png,16,1,4,90,90,200,0,0,史诗毁灭耳环
1601501,传说祭祀耳环,fengchuerhuan.png,16,1,5,5,5,200,0,0,传说祭祀耳环
1601502,传说迷惑耳环,fengchuerhuan.png,16,1,5,10,10,200,0,0,传说迷惑耳环
1601503,传说幻术耳环,fengchuerhuan.png,16,1,5,20,20,200,0,0,传说幻术耳环
1601504,传说吸血耳环,fengchuerhuan.png,16,1,5,30,30,200,0,0,传说吸血耳环
1601505,传说破冰耳环,fengchuerhuan.png,16,1,5,40,40,200,0,0,传说破冰耳环
1601506,传说杀戮耳环,fengchuerhuan.png,16,1,5,50,50,200,0,0,传说杀戮耳环
1601507,传说辟邪耳环,fengchuerhuan.png,16,1,5,60,60,200,0,0,传说辟邪耳环
1601508,传说驱魔耳环,fengchuerhuan.png,16,1,5,70,70,200,0,0,传说驱魔耳环
1601509,传说征服耳环,fengchuerhuan.png,16,1,5,80,80,200,0,0,传说征服耳环
1601510,传说毁灭耳环,fengchuerhuan.png,16,1,5,90,90,200,0,0,传说毁灭耳环
1602101,普通祭祀项链,fengchuxianglian.png,16,2,1,5,5,200,0,0,普通祭祀项链
1602102,普通迷惑项链,fengchuxianglian.png,16,2,1,10,10,200,0,0,普通迷惑项链
1602103,普通幻术项链,fengchuxianglian.png,16,2,1,20,20,200,0,0,普通幻术项链
1602104,普通吸血项链,fengchuxianglian.png,16,2,1,30,30,200,0,0,普通吸血项链
1602105,普通破冰项链,fengchuxianglian.png,16,2,1,40,40,200,0,0,普通破冰项链
1602106,普通杀戮项链,fengchuxianglian.png,16,2,1,50,50,200,0,0,普通杀戮项链
1602107,普通辟邪项链,fengchuxianglian.png,16,2,1,60,60,200,0,0,普通辟邪项链
1602108,普通驱魔项链,fengchuxianglian.png,16,2,1,70,70,200,0,0,普通驱魔项链
1602109,普通征服项链,fengchuxianglian.png,16,2,1,80,80,200,0,0,普通征服项链
1602110,普通毁灭项链,fengchuxianglian.png,16,2,1,90,90,200,0,0,普通毁灭项链
1602201,优秀祭祀项链,fengchuxianglian.png,16,2,2,5,5,200,0,0,优秀祭祀项链
1602202,优秀迷惑项链,fengchuxianglian.png,16,2,2,10,10,200,0,0,优秀迷惑项链
1602203,优秀幻术项链,fengchuxianglian.png,16,2,2,20,20,200,0,0,优秀幻术项链
1602204,优秀吸血项链,fengchuxianglian.png,16,2,2,30,30,200,0,0,优秀吸血项链
1602205,优秀破冰项链,fengchuxianglian.png,16,2,2,40,40,200,0,0,优秀破冰项链
1602206,优秀杀戮项链,fengchuxianglian.png,16,2,2,50,50,200,0,0,优秀杀戮项链
1602207,优秀辟邪项链,fengchuxianglian.png,16,2,2,60,60,200,0,0,优秀辟邪项链
1602208,优秀驱魔项链,fengchuxianglian.png,16,2,2,70,70,200,0,0,优秀驱魔项链
1602209,优秀征服项链,fengchuxianglian.png,16,2,2,80,80,200,0,0,优秀征服项链
1602210,优秀毁灭项链,fengchuxianglian.png,16,2,2,90,90,200,0,0,优秀毁灭项链
1602301,完美祭祀项链,fengchuxianglian.png,16,2,3,5,5,200,0,0,完美祭祀项链
1602302,完美迷惑项链,fengchuxianglian.png,16,2,3,10,10,200,0,0,完美迷惑项链
1602303,完美幻术项链,fengchuxianglian.png,16,2,3,20,20,200,0,0,完美幻术项链
1602304,完美吸血项链,fengchuxianglian.png,16,2,3,30,30,200,0,0,完美吸血项链
1602305,完美破冰项链,fengchuxianglian.png,16,2,3,40,40,200,0,0,完美破冰项链
1602306,完美杀戮项链,fengchuxianglian.png,16,2,3,50,50,200,0,0,完美杀戮项链
1602307,完美辟邪项链,fengchuxianglian.png,16,2,3,60,60,200,0,0,完美辟邪项链
1602308,完美驱魔项链,fengchuxianglian.png,16,2,3,70,70,200,0,0,完美驱魔项链
1602309,完美征服项链,fengchuxianglian.png,16,2,3,80,80,200,0,0,完美征服项链
1602310,完美毁灭项链,fengchuxianglian.png,16,2,3,90,90,200,0,0,完美毁灭项链
1602401,史诗祭祀项链,fengchuxianglian.png,16,2,4,5,5,200,0,0,史诗祭祀项链
1602402,史诗迷惑项链,fengchuxianglian.png,16,2,4,10,10,200,0,0,史诗迷惑项链
1602403,史诗幻术项链,fengchuxianglian.png,16,2,4,20,20,200,0,0,史诗幻术项链
1602404,史诗吸血项链,fengchuxianglian.png,16,2,4,30,30,200,0,0,史诗吸血项链
1602405,史诗破冰项链,fengchuxianglian.png,16,2,4,40,40,200,0,0,史诗破冰项链
1602406,史诗杀戮项链,fengchuxianglian.png,16,2,4,50,50,200,0,0,史诗杀戮项链
1602407,史诗辟邪项链,fengchuxianglian.png,16,2,4,60,60,200,0,0,史诗辟邪项链
1602408,史诗驱魔项链,fengchuxianglian.png,16,2,4,70,70,200,0,0,史诗驱魔项链
1602409,史诗征服项链,fengchuxianglian.png,16,2,4,80,80,200,0,0,史诗征服项链
1602410,史诗毁灭项链,fengchuxianglian.png,16,2,4,90,90,200,0,0,史诗毁灭项链
1602501,传说祭祀项链,fengchuxianglian.png,16,2,5,5,5,200,0,0,传说祭祀项链
1602502,传说迷惑项链,fengchuxianglian.png,16,2,5,10,10,200,0,0,传说迷惑项链
1602503,传说幻术项链,fengchuxianglian.png,16,2,5,20,20,200,0,0,传说幻术项链
1602504,传说吸血项链,fengchuxianglian.png,16,2,5,30,30,200,0,0,传说吸血项链
1602505,传说破冰项链,fengchuxianglian.png,16,2,5,40,40,200,0,0,传说破冰项链
1602506,传说杀戮项链,fengchuxianglian.png,16,2,5,50,50,200,0,0,传说杀戮项链
1602507,传说辟邪项链,fengchuxianglian.png,16,2,5,60,60,200,0,0,传说辟邪项链
1602508,传说驱魔项链,fengchuxianglian.png,16,2,5,70,70,200,0,0,传说驱魔项链
1602509,传说征服项链,fengchuxianglian.png,16,2,5,80,80,200,0,0,传说征服项链
1602510,传说毁灭项链,fengchuxianglian.png,16,2,5,90,90,200,0,0,传说毁灭项链
1603101,普通祭祀戒指,fengchujiezhi.png,16,3,1,5,5,200,0,0,普通祭祀戒指
1603102,普通迷惑戒指,fengchujiezhi.png,16,3,1,10,10,200,0,0,普通迷惑戒指
1603103,普通幻术戒指,fengchujiezhi.png,16,3,1,20,20,200,0,0,普通幻术戒指
1603104,普通吸血戒指,fengchujiezhi.png,16,3,1,30,30,200,0,0,普通吸血戒指
1603105,普通破冰戒指,fengchujiezhi.png,16,3,1,40,40,200,0,0,普通破冰戒指
1603106,普通杀戮戒指,fengchujiezhi.png,16,3,1,50,50,200,0,0,普通杀戮戒指
1603107,普通辟邪戒指,fengchujiezhi.png,16,3,1,60,60,200,0,0,普通辟邪戒指
1603108,普通驱魔戒指,fengchujiezhi.png,16,3,1,70,70,200,0,0,普通驱魔戒指
1603109,普通征服戒指,fengchujiezhi.png,16,3,1,80,80,200,0,0,普通征服戒指
1603110,普通毁灭戒指,fengchujiezhi.png,16,3,1,90,90,200,0,0,普通毁灭戒指
1603201,优秀祭祀戒指,fengchujiezhi.png,16,3,2,5,5,200,0,0,优秀祭祀戒指
1603202,优秀迷惑戒指,fengchujiezhi.png,16,3,2,10,10,200,0,0,优秀迷惑戒指
1603203,优秀幻术戒指,fengchujiezhi.png,16,3,2,20,20,200,0,0,优秀幻术戒指
1603204,优秀吸血戒指,fengchujiezhi.png,16,3,2,30,30,200,0,0,优秀吸血戒指
1603205,优秀破冰戒指,fengchujiezhi.png,16,3,2,40,40,200,0,0,优秀破冰戒指
1603206,优秀杀戮戒指,fengchujiezhi.png,16,3,2,50,50,200,0,0,优秀杀戮戒指
1603207,优秀辟邪戒指,fengchujiezhi.png,16,3,2,60,60,200,0,0,优秀辟邪戒指
1603208,优秀驱魔戒指,fengchujiezhi.png,16,3,2,70,70,200,0,0,优秀驱魔戒指
1603209,优秀征服戒指,fengchujiezhi.png,16,3,2,80,80,200,0,0,优秀征服戒指
1603210,优秀毁灭戒指,fengchujiezhi.png,16,3,2,90,90,200,0,0,优秀毁灭戒指
1603301,完美祭祀戒指,fengchujiezhi.png,16,3,3,5,5,200,0,0,完美祭祀戒指
1603302,完美迷惑戒指,fengchujiezhi.png,16,3,3,10,10,200,0,0,完美迷惑戒指
1603303,完美幻术戒指,fengchujiezhi.png,16,3,3,20,20,200,0,0,完美幻术戒指
1603304,完美吸血戒指,fengchujiezhi.png,16,3,3,30,30,200,0,0,完美吸血戒指
1603305,完美破冰戒指,fengchujiezhi.png,16,3,3,40,40,200,0,0,完美破冰戒指
1603306,完美杀戮戒指,fengchujiezhi.png,16,3,3,50,50,200,0,0,完美杀戮戒指
1603307,完美辟邪戒指,fengchujiezhi.png,16,3,3,60,60,200,0,0,完美辟邪戒指
1603308,完美驱魔戒指,fengchujiezhi.png,16,3,3,70,70,200,0,0,完美驱魔戒指
1603309,完美征服戒指,fengchujiezhi.png,16,3,3,80,80,200,0,0,完美征服戒指
1603310,完美毁灭戒指,fengchujiezhi.png,16,3,3,90,90,200,0,0,完美毁灭戒指
1603401,史诗祭祀戒指,fengchujiezhi.png,16,3,4,5,5,200,0,0,史诗祭祀戒指
1603402,史诗迷惑戒指,fengchujiezhi.png,16,3,4,10,10,200,0,0,史诗迷惑戒指
1603403,史诗幻术戒指,fengchujiezhi.png,16,3,4,20,20,200,0,0,史诗幻术戒指
1603404,史诗吸血戒指,fengchujiezhi.png,16,3,4,30,30,200,0,0,史诗吸血戒指
1603405,史诗破冰戒指,fengchujiezhi.png,16,3,4,40,40,200,0,0,史诗破冰戒指
1603406,史诗杀戮戒指,fengchujiezhi.png,16,3,4,50,50,200,0,0,史诗杀戮戒指
1603407,史诗辟邪戒指,fengchujiezhi.png,16,3,4,60,60,200,0,0,史诗辟邪戒指
1603408,史诗驱魔戒指,fengchujiezhi.png,16,3,4,70,70,200,0,0,史诗驱魔戒指
1603409,史诗征服戒指,fengchujiezhi.png,16,3,4,80,80,200,0,0,史诗征服戒指
1603410,史诗毁灭戒指,fengchujiezhi.png,16,3,4,90,90,200,0,0,史诗毁灭戒指
1603501,传说祭祀戒指,fengchujiezhi.png,16,3,5,5,5,200,0,0,传说祭祀戒指
1603502,传说迷惑戒指,fengchujiezhi.png,16,3,5,10,10,200,0,0,传说迷惑戒指
1603503,传说幻术戒指,fengchujiezhi.png,16,3,5,20,20,200,0,0,传说幻术戒指
1603504,传说吸血戒指,fengchujiezhi.png,16,3,5,30,30,200,0,0,传说吸血戒指
1603505,传说破冰戒指,fengchujiezhi.png,16,3,5,40,40,200,0,0,传说破冰戒指
1603506,传说杀戮戒指,fengchujiezhi.png,16,3,5,50,50,200,0,0,传说杀戮戒指
1603507,传说辟邪戒指,fengchujiezhi.png,16,3,5,60,60,200,0,0,传说辟邪戒指
1603508,传说驱魔戒指,fengchujiezhi.png,16,3,5,70,70,200,0,0,传说驱魔戒指
1603509,传说征服戒指,fengchujiezhi.png,16,3,5,80,80,200,0,0,传说征服戒指
1603510,传说毁灭戒指,fengchujiezhi.png,16,3,5,90,90,200,0,0,传说毁灭戒指
1604101,普通祭祀胸针,fengchufazhan.png,16,4,1,5,5,200,0,0,普通祭祀胸针
1604102,普通迷惑胸针,fengchufazhan.png,16,4,1,10,10,200,0,0,普通迷惑胸针
1604103,普通幻术胸针,fengchufazhan.png,16,4,1,20,20,200,0,0,普通幻术胸针
1604104,普通吸血胸针,fengchufazhan.png,16,4,1,30,30,200,0,0,普通吸血胸针
1604105,普通破冰胸针,fengchufazhan.png,16,4,1,40,40,200,0,0,普通破冰胸针
1604106,普通杀戮胸针,fengchufazhan.png,16,4,1,50,50,200,0,0,普通杀戮胸针
1604107,普通辟邪胸针,fengchufazhan.png,16,4,1,60,60,200,0,0,普通辟邪胸针
1604108,普通驱魔胸针,fengchufazhan.png,16,4,1,70,70,200,0,0,普通驱魔胸针
1604109,普通征服胸针,fengchufazhan.png,16,4,1,80,80,200,0,0,普通征服胸针
1604110,普通毁灭胸针,fengchufazhan.png,16,4,1,90,90,200,0,0,普通毁灭胸针
1604201,优秀祭祀胸针,fengchufazhan.png,16,4,2,5,5,200,0,0,优秀祭祀胸针
1604202,优秀迷惑胸针,fengchufazhan.png,16,4,2,10,10,200,0,0,优秀迷惑胸针
1604203,优秀幻术胸针,fengchufazhan.png,16,4,2,20,20,200,0,0,优秀幻术胸针
1604204,优秀吸血胸针,fengchufazhan.png,16,4,2,30,30,200,0,0,优秀吸血胸针
1604205,优秀破冰胸针,fengchufazhan.png,16,4,2,40,40,200,0,0,优秀破冰胸针
1604206,优秀杀戮胸针,fengchufazhan.png,16,4,2,50,50,200,0,0,优秀杀戮胸针
1604207,优秀辟邪胸针,fengchufazhan.png,16,4,2,60,60,200,0,0,优秀辟邪胸针
1604208,优秀驱魔胸针,fengchufazhan.png,16,4,2,70,70,200,0,0,优秀驱魔胸针
1604209,优秀征服胸针,fengchufazhan.png,16,4,2,80,80,200,0,0,优秀征服胸针
1604210,优秀毁灭胸针,fengchufazhan.png,16,4,2,90,90,200,0,0,优秀毁灭胸针
1604301,完美祭祀胸针,fengchufazhan.png,16,4,3,5,5,200,0,0,完美祭祀胸针
1604302,完美迷惑胸针,fengchufazhan.png,16,4,3,10,10,200,0,0,完美迷惑胸针
1604303,完美幻术胸针,fengchufazhan.png,16,4,3,20,20,200,0,0,完美幻术胸针
1604304,完美吸血胸针,fengchufazhan.png,16,4,3,30,30,200,0,0,完美吸血胸针
1604305,完美破冰胸针,fengchufazhan.png,16,4,3,40,40,200,0,0,完美破冰胸针
1604306,完美杀戮胸针,fengchufazhan.png,16,4,3,50,50,200,0,0,完美杀戮胸针
1604307,完美辟邪胸针,fengchufazhan.png,16,4,3,60,60,200,0,0,完美辟邪胸针
1604308,完美驱魔胸针,fengchufazhan.png,16,4,3,70,70,200,0,0,完美驱魔胸针
1604309,完美征服胸针,fengchufazhan.png,16,4,3,80,80,200,0,0,完美征服胸针
1604310,完美毁灭胸针,fengchufazhan.png,16,4,3,90,90,200,0,0,完美毁灭胸针
1604401,史诗祭祀胸针,fengchufazhan.png,16,4,4,5,5,200,0,0,史诗祭祀胸针
1604402,史诗迷惑胸针,fengchufazhan.png,16,4,4,10,10,200,0,0,史诗迷惑胸针
1604403,史诗幻术胸针,fengchufazhan.png,16,4,4,20,20,200,0,0,史诗幻术胸针
1604404,史诗吸血胸针,fengchufazhan.png,16,4,4,30,30,200,0,0,史诗吸血胸针
1604405,史诗破冰胸针,fengchufazhan.png,16,4,4,40,40,200,0,0,史诗破冰胸针
1604406,史诗杀戮胸针,fengchufazhan.png,16,4,4,50,50,200,0,0,史诗杀戮胸针
1604407,史诗辟邪胸针,fengchufazhan.png,16,4,4,60,60,200,0,0,史诗辟邪胸针
1604408,史诗驱魔胸针,fengchufazhan.png,16,4,4,70,70,200,0,0,史诗驱魔胸针
1604409,史诗征服胸针,fengchufazhan.png,16,4,4,80,80,200,0,0,史诗征服胸针
1604410,史诗毁灭胸针,fengchufazhan.png,16,4,4,90,90,200,0,0,史诗毁灭胸针
1604501,传说祭祀胸针,fengchufazhan.png,16,4,5,5,5,200,0,0,传说祭祀胸针
1604502,传说迷惑胸针,fengchufazhan.png,16,4,5,10,10,200,0,0,传说迷惑胸针
1604503,传说幻术胸针,fengchufazhan.png,16,4,5,20,20,200,0,0,传说幻术胸针
1604504,传说吸血胸针,fengchufazhan.png,16,4,5,30,30,200,0,0,传说吸血胸针
1604505,传说破冰胸针,fengchufazhan.png,16,4,5,40,40,200,0,0,传说破冰胸针
1604506,传说杀戮胸针,fengchufazhan.png,16,4,5,50,50,200,0,0,传说杀戮胸针
1604507,传说辟邪胸针,fengchufazhan.png,16,4,5,60,60,200,0,0,传说辟邪胸针
1604508,传说驱魔胸针,fengchufazhan.png,16,4,5,70,70,200,0,0,传说驱魔胸针
1604509,传说征服胸针,fengchufazhan.png,16,4,5,80,80,200,0,0,传说征服胸针
1604510,传说毁灭胸针,fengchufazhan.png,16,4,5,90,90,200,0,0,传说毁灭胸针
1605101,普通祭祀手镯,fengchushouzhuo.png,16,5,1,5,5,200,0,0,普通祭祀手镯
1605102,普通迷惑手镯,fengchushouzhuo.png,16,5,1,10,10,200,0,0,普通迷惑手镯
1605103,普通幻术手镯,fengchushouzhuo.png,16,5,1,20,20,200,0,0,普通幻术手镯
1605104,普通吸血手镯,fengchushouzhuo.png,16,5,1,30,30,200,0,0,普通吸血手镯
1605105,普通破冰手镯,fengchushouzhuo.png,16,5,1,40,40,200,0,0,普通破冰手镯
1605106,普通杀戮手镯,fengchushouzhuo.png,16,5,1,50,50,200,0,0,普通杀戮手镯
1605107,普通辟邪手镯,fengchushouzhuo.png,16,5,1,60,60,200,0,0,普通辟邪手镯
1605108,普通驱魔手镯,fengchushouzhuo.png,16,5,1,70,70,200,0,0,普通驱魔手镯
1605109,普通征服手镯,fengchushouzhuo.png,16,5,1,80,80,200,0,0,普通征服手镯
1605110,普通毁灭手镯,fengchushouzhuo.png,16,5,1,90,90,200,0,0,普通毁灭手镯
1605201,优秀祭祀手镯,fengchushouzhuo.png,16,5,2,5,5,200,0,0,优秀祭祀手镯
1605202,优秀迷惑手镯,fengchushouzhuo.png,16,5,2,10,10,200,0,0,优秀迷惑手镯
1605203,优秀幻术手镯,fengchushouzhuo.png,16,5,2,20,20,200,0,0,优秀幻术手镯
1605204,优秀吸血手镯,fengchushouzhuo.png,16,5,2,30,30,200,0,0,优秀吸血手镯
1605205,优秀破冰手镯,fengchushouzhuo.png,16,5,2,40,40,200,0,0,优秀破冰手镯
1605206,优秀杀戮手镯,fengchushouzhuo.png,16,5,2,50,50,200,0,0,优秀杀戮手镯
1605207,优秀辟邪手镯,fengchushouzhuo.png,16,5,2,60,60,200,0,0,优秀辟邪手镯
1605208,优秀驱魔手镯,fengchushouzhuo.png,16,5,2,70,70,200,0,0,优秀驱魔手镯
1605209,优秀征服手镯,fengchushouzhuo.png,16,5,2,80,80,200,0,0,优秀征服手镯
1605210,优秀毁灭手镯,fengchushouzhuo.png,16,5,2,90,90,200,0,0,优秀毁灭手镯
1605301,完美祭祀手镯,fengchushouzhuo.png,16,5,3,5,5,200,0,0,完美祭祀手镯
1605302,完美迷惑手镯,fengchushouzhuo.png,16,5,3,10,10,200,0,0,完美迷惑手镯
1605303,完美幻术手镯,fengchushouzhuo.png,16,5,3,20,20,200,0,0,完美幻术手镯
1605304,完美吸血手镯,fengchushouzhuo.png,16,5,3,30,30,200,0,0,完美吸血手镯
1605305,完美破冰手镯,fengchushouzhuo.png,16,5,3,40,40,200,0,0,完美破冰手镯
1605306,完美杀戮手镯,fengchushouzhuo.png,16,5,3,50,50,200,0,0,完美杀戮手镯
1605307,完美辟邪手镯,fengchushouzhuo.png,16,5,3,60,60,200,0,0,完美辟邪手镯
1605308,完美驱魔手镯,fengchushouzhuo.png,16,5,3,70,70,200,0,0,完美驱魔手镯
1605309,完美征服手镯,fengchushouzhuo.png,16,5,3,80,80,200,0,0,完美征服手镯
1605310,完美毁灭手镯,fengchushouzhuo.png,16,5,3,90,90,200,0,0,完美毁灭手镯
1605401,史诗祭祀手镯,fengchushouzhuo.png,16,5,4,5,5,200,0,0,史诗祭祀手镯
1605402,史诗迷惑手镯,fengchushouzhuo.png,16,5,4,10,10,200,0,0,史诗迷惑手镯
1605403,史诗幻术手镯,fengchushouzhuo.png,16,5,4,20,20,200,0,0,史诗幻术手镯
1605404,史诗吸血手镯,fengchushouzhuo.png,16,5,4,30,30,200,0,0,史诗吸血手镯
1605405,史诗破冰手镯,fengchushouzhuo.png,16,5,4,40,40,200,0,0,史诗破冰手镯
1605406,史诗杀戮手镯,fengchushouzhuo.png,16,5,4,50,50,200,0,0,史诗杀戮手镯
1605407,史诗辟邪手镯,fengchushouzhuo.png,16,5,4,60,60,200,0,0,史诗辟邪手镯
1605408,史诗驱魔手镯,fengchushouzhuo.png,16,5,4,70,70,200,0,0,史诗驱魔手镯
1605409,史诗征服手镯,fengchushouzhuo.png,16,5,4,80,80,200,0,0,史诗征服手镯
1605410,史诗毁灭手镯,fengchushouzhuo.png,16,5,4,90,90,200,0,0,史诗毁灭手镯
1605501,传说祭祀手镯,fengchushouzhuo.png,16,5,5,5,5,200,0,0,传说祭祀手镯
1605502,传说迷惑手镯,fengchushouzhuo.png,16,5,5,10,10,200,0,0,传说迷惑手镯
1605503,传说幻术手镯,fengchushouzhuo.png,16,5,5,20,20,200,0,0,传说幻术手镯
1605504,传说吸血手镯,fengchushouzhuo.png,16,5,5,30,30,200,0,0,传说吸血手镯
1605505,传说破冰手镯,fengchushouzhuo.png,16,5,5,40,40,200,0,0,传说破冰手镯
1605506,传说杀戮手镯,fengchushouzhuo.png,16,5,5,50,50,200,0,0,传说杀戮手镯
1605507,传说辟邪手镯,fengchushouzhuo.png,16,5,5,60,60,200,0,0,传说辟邪手镯
1605508,传说驱魔手镯,fengchushouzhuo.png,16,5,5,70,70,200,0,0,传说驱魔手镯
1605509,传说征服手镯,fengchushouzhuo.png,16,5,5,80,80,200,0,0,传说征服手镯
1605510,传说毁灭手镯,fengchushouzhuo.png,16,5,5,90,90,200,0,0,传说毁灭手镯
1606101,普通祭祀腰带,fengchuyaodai.png,16,6,1,5,5,200,0,0,普通祭祀腰带
1606102,普通迷惑腰带,fengchuyaodai.png,16,6,1,10,10,200,0,0,普通迷惑腰带
1606103,普通幻术腰带,fengchuyaodai.png,16,6,1,20,20,200,0,0,普通幻术腰带
1606104,普通吸血腰带,fengchuyaodai.png,16,6,1,30,30,200,0,0,普通吸血腰带
1606105,普通破冰腰带,fengchuyaodai.png,16,6,1,40,40,200,0,0,普通破冰腰带
1606106,普通杀戮腰带,fengchuyaodai.png,16,6,1,50,50,200,0,0,普通杀戮腰带
1606107,普通辟邪腰带,fengchuyaodai.png,16,6,1,60,60,200,0,0,普通辟邪腰带
1606108,普通驱魔腰带,fengchuyaodai.png,16,6,1,70,70,200,0,0,普通驱魔腰带
1606109,普通征服腰带,fengchuyaodai.png,16,6,1,80,80,200,0,0,普通征服腰带
1606110,普通毁灭腰带,fengchuyaodai.png,16,6,1,90,90,200,0,0,普通毁灭腰带
1606201,优秀祭祀腰带,fengchuyaodai.png,16,6,2,5,5,200,0,0,优秀祭祀腰带
1606202,优秀迷惑腰带,fengchuyaodai.png,16,6,2,10,10,200,0,0,优秀迷惑腰带
1606203,优秀幻术腰带,fengchuyaodai.png,16,6,2,20,20,200,0,0,优秀幻术腰带
1606204,优秀吸血腰带,fengchuyaodai.png,16,6,2,30,30,200,0,0,优秀吸血腰带
1606205,优秀破冰腰带,fengchuyaodai.png,16,6,2,40,40,200,0,0,优秀破冰腰带
1606206,优秀杀戮腰带,fengchuyaodai.png,16,6,2,50,50,200,0,0,优秀杀戮腰带
1606207,优秀辟邪腰带,fengchuyaodai.png,16,6,2,60,60,200,0,0,优秀辟邪腰带
1606208,优秀驱魔腰带,fengchuyaodai.png,16,6,2,70,70,200,0,0,优秀驱魔腰带
1606209,优秀征服腰带,fengchuyaodai.png,16,6,2,80,80,200,0,0,优秀征服腰带
1606210,优秀毁灭腰带,fengchuyaodai.png,16,6,2,90,90,200,0,0,优秀毁灭腰带
1606301,完美祭祀腰带,fengchuyaodai.png,16,6,3,5,5,200,0,0,完美祭祀腰带
1606302,完美迷惑腰带,fengchuyaodai.png,16,6,3,10,10,200,0,0,完美迷惑腰带
1606303,完美幻术腰带,fengchuyaodai.png,16,6,3,20,20,200,0,0,完美幻术腰带
1606304,完美吸血腰带,fengchuyaodai.png,16,6,3,30,30,200,0,0,完美吸血腰带
1606305,完美破冰腰带,fengchuyaodai.png,16,6,3,40,40,200,0,0,完美破冰腰带
1606306,完美杀戮腰带,fengchuyaodai.png,16,6,3,50,50,200,0,0,完美杀戮腰带
1606307,完美辟邪腰带,fengchuyaodai.png,16,6,3,60,60,200,0,0,完美辟邪腰带
1606308,完美驱魔腰带,fengchuyaodai.png,16,6,3,70,70,200,0,0,完美驱魔腰带
1606309,完美征服腰带,fengchuyaodai.png,16,6,3,80,80,200,0,0,完美征服腰带
1606310,完美毁灭腰带,fengchuyaodai.png,16,6,3,90,90,200,0,0,完美毁灭腰带
1606401,史诗祭祀腰带,fengchuyaodai.png,16,6,4,5,5,200,0,0,史诗祭祀腰带
1606402,史诗迷惑腰带,fengchuyaodai.png,16,6,4,10,10,200,0,0,史诗迷惑腰带
1606403,史诗幻术腰带,fengchuyaodai.png,16,6,4,20,20,200,0,0,史诗幻术腰带
1606404,史诗吸血腰带,fengchuyaodai.png,16,6,4,30,30,200,0,0,史诗吸血腰带
1606405,史诗破冰腰带,fengchuyaodai.png,16,6,4,40,40,200,0,0,史诗破冰腰带
1606406,史诗杀戮腰带,fengchuyaodai.png,16,6,4,50,50,200,0,0,史诗杀戮腰带
1606407,史诗辟邪腰带,fengchuyaodai.png,16,6,4,60,60,200,0,0,史诗辟邪腰带
1606408,史诗驱魔腰带,fengchuyaodai.png,16,6,4,70,70,200,0,0,史诗驱魔腰带
1606409,史诗征服腰带,fengchuyaodai.png,16,6,4,80,80,200,0,0,史诗征服腰带
1606410,史诗毁灭腰带,fengchuyaodai.png,16,6,4,90,90,200,0,0,史诗毁灭腰带
1606501,传说祭祀腰带,fengchuyaodai.png,16,6,5,5,5,200,0,0,传说祭祀腰带
1606502,传说迷惑腰带,fengchuyaodai.png,16,6,5,10,10,200,0,0,传说迷惑腰带
1606503,传说幻术腰带,fengchuyaodai.png,16,6,5,20,20,200,0,0,传说幻术腰带
1606504,传说吸血腰带,fengchuyaodai.png,16,6,5,30,30,200,0,0,传说吸血腰带
1606505,传说破冰腰带,fengchuyaodai.png,16,6,5,40,40,200,0,0,传说破冰腰带
1606506,传说杀戮腰带,fengchuyaodai.png,16,6,5,50,50,200,0,0,传说杀戮腰带
1606507,传说辟邪腰带,fengchuyaodai.png,16,6,5,60,60,200,0,0,传说辟邪腰带
1606508,传说驱魔腰带,fengchuyaodai.png,16,6,5,70,70,200,0,0,传说驱魔腰带
1606509,传说征服腰带,fengchuyaodai.png,16,6,5,80,80,200,0,0,传说征服腰带
1606510,传说毁灭腰带,fengchuyaodai.png,16,6,5,90,90,200,0,0,传说毁灭腰带
1701101,飞龙在天碎片,fengchuyaodai.png,17,1,1,1,1,0,0,0,飞龙在天技能碎片
1702101,阿鲁巴之眼,icon_skill_fragment1_gray.png|icon_skill_fragment1_normal.png,17,2,1,1,1,0,0,0,心法阿鲁巴之眼
1702201,阿鲁巴之耳,icon_skill_fragment2_gray.png|icon_skill_fragment2_normal.png,17,2,2,1,1,0,0,0,心法阿鲁巴之耳
1702301,阿鲁巴之鼻,icon_skill_fragment3_gray.png|icon_skill_fragment3_normal.png,17,2,3,1,1,0,0,0,心法阿鲁巴之鼻
1702401,阿鲁巴之嘴,icon_skill_fragment4_gray.png|icon_skill_fragment4_normal.png,17,2,4,1,1,0,0,0,心法阿鲁巴之嘴
1702501,阿鲁巴之手,icon_skill_fragment5_gray.png|icon_skill_fragment5_normal.png,17,2,5,1,1,0,0,0,心法阿鲁巴之手
1702502,阿鲁巴之角,icon_skill_fragment6_gray.png|icon_skill_fragment6_normal.png,17,2,5,1,1,0,0,0,心法阿鲁巴之角
1901101,1级玄铁矿,gem_101.png,19,1,1,1,1,0,0,0,1级玄铁矿
1901102,2级玄铁矿,gem_101.png,19,1,1,2,2,0,0,0,2级玄铁矿
1901103,3级玄铁矿,gem_101.png,19,1,1,3,3,0,0,0,3级玄铁矿
1901104,4级玄铁矿,gem_101.png,19,1,1,4,4,0,0,0,4级玄铁矿
1901105,5级玄铁矿,gem_101.png,19,1,1,5,5,0,0,0,5级玄铁矿
1901106,6级玄铁矿,gem_101.png,19,1,1,6,6,0,0,0,6级玄铁矿
1901107,7级玄铁矿,gem_101.png,19,1,1,7,7,0,0,0,7级玄铁矿
1901108,8级玄铁矿,gem_101.png,19,1,1,8,8,0,0,0,8级玄铁矿
1901109,9级玄铁矿,gem_101.png,19,1,1,9,9,0,0,0,9级玄铁矿
1901110,10级玄铁矿,gem_101.png,19,1,1,10,10,0,0,0,10级玄铁矿
1901111,11级玄铁矿,gem_101.png,19,1,1,11,11,0,0,0,11级玄铁矿
1901112,12级玄铁矿,gem_101.png,19,1,1,12,12,0,0,0,12级玄铁矿
1901113,13级玄铁矿,gem_101.png,19,1,1,13,13,0,0,0,13级玄铁矿
1901114,14级玄铁矿,gem_101.png,19,1,1,14,14,0,0,0,14级玄铁矿
1901115,15级玄铁矿,gem_101.png,19,1,1,15,15,0,0,0,15级玄铁矿
1901116,16级玄铁矿,gem_101.png,19,1,1,16,16,0,0,0,16级玄铁矿
1901117,17级玄铁矿,gem_101.png,19,1,1,17,17,0,0,0,17级玄铁矿
1901118,18级玄铁矿,gem_101.png,19,1,1,18,18,0,0,0,18级玄铁矿
1901119,19级玄铁矿,gem_101.png,19,1,1,19,19,0,0,0,19级玄铁矿
1901120,20级玄铁矿,gem_101.png,19,1,1,20,20,0,0,0,20级玄铁矿
1902101,1级老虎皮,gem_101.png,19,2,1,1,1,0,0,0,1级老虎皮
1902102,2级老虎皮,gem_101.png,19,2,1,2,2,0,0,0,2级老虎皮
1902103,3级老虎皮,gem_101.png,19,2,1,3,3,0,0,0,3级老虎皮
1902104,4级老虎皮,gem_101.png,19,2,1,4,4,0,0,0,4级老虎皮
1902105,5级老虎皮,gem_101.png,19,2,1,5,5,0,0,0,5级老虎皮
1902106,6级老虎皮,gem_101.png,19,2,1,6,6,0,0,0,6级老虎皮
1902107,7级老虎皮,gem_101.png,19,2,1,7,7,0,0,0,7级老虎皮
1902108,8级老虎皮,gem_101.png,19,2,1,8,8,0,0,0,8级老虎皮
1902109,9级老虎皮,gem_101.png,19,2,1,9,9,0,0,0,9级老虎皮
1902110,10级老虎皮,gem_101.png,19,2,1,10,10,0,0,0,10级老虎皮
1902111,11级老虎皮,gem_101.png,19,2,1,11,11,0,0,0,11级老虎皮
1902112,12级老虎皮,gem_101.png,19,2,1,12,12,0,0,0,12级老虎皮
1902113,13级老虎皮,gem_101.png,19,2,1,13,13,0,0,0,13级老虎皮
1902114,14级老虎皮,gem_101.png,19,2,1,14,14,0,0,0,14级老虎皮
1902115,15级老虎皮,gem_101.png,19,2,1,15,15,0,0,0,15级老虎皮
1902116,16级老虎皮,gem_101.png,19,2,1,16,16,0,0,0,16级老虎皮
1902117,17级老虎皮,gem_101.png,19,2,1,17,17,0,0,0,17级老虎皮
1902118,18级老虎皮,gem_101.png,19,2,1,18,18,0,0,0,18级老虎皮
1902119,19级老虎皮,gem_101.png,19,2,1,19,19,0,0,0,19级老虎皮
1902120,20级老虎皮,gem_101.png,19,2,1,20,20,0,0,0,20级老虎皮
1903101,1级木炭,gem_101.png,19,3,1,1,1,0,0,0,1级木炭
1903102,2级木炭,gem_101.png,19,3,1,2,2,0,0,0,2级木炭
1903103,3级木炭,gem_101.png,19,3,1,3,3,0,0,0,3级木炭
1903104,4级木炭,gem_101.png,19,3,1,4,4,0,0,0,4级木炭
1903105,5级木炭,gem_101.png,19,3,1,5,5,0,0,0,5级木炭
1903106,6级木炭,gem_101.png,19,3,1,6,6,0,0,0,6级木炭
1903107,7级木炭,gem_101.png,19,3,1,7,7,0,0,0,7级木炭
1903108,8级木炭,gem_101.png,19,3,1,8,8,0,0,0,8级木炭
1903109,9级木炭,gem_101.png,19,3,1,9,9,0,0,0,9级木炭
1903110,10级木炭,gem_101.png,19,3,1,10,10,0,0,0,10级木炭
1903111,11级木炭,gem_101.png,19,3,1,11,11,0,0,0,11级木炭
1903112,12级木炭,gem_101.png,19,3,1,12,12,0,0,0,12级木炭
1903113,13级木炭,gem_101.png,19,3,1,13,13,0,0,0,13级木炭
1903114,14级木炭,gem_101.png,19,3,1,14,14,0,0,0,14级木炭
1903115,15级木炭,gem_101.png,19,3,1,15,15,0,0,0,15级木炭
1903116,16级木炭,gem_101.png,19,3,1,16,16,0,0,0,16级木炭
1903117,17级木炭,gem_101.png,19,3,1,17,17,0,0,0,17级木炭
1903118,18级木炭,gem_101.png,19,3,1,18,18,0,0,0,18级木炭
1903119,19级木炭,gem_101.png,19,3,1,19,19,0,0,0,19级木炭
1903120,20级木炭,gem_101.png,19,3,1,20,20,0,0,0,20级木炭
602001,金币,gem_101.png,6,2,1,1,1,1,0,0,奖励金币
606001,钻石,gem_101.png,6,6,1,1,1,1,0,0,奖励钻石
2001101,天龙吟碎片,fengchuyaodai.png,20,1,1,1,1,0,0,0,天龙吟碎片
2001102,霸虎啸碎片,fengchuyaodai.png,20,1,1,1,1,0,0,0,霸虎啸碎片
2001103,凤凰鸣碎片,fengchuyaodai.png,20,1,1,1,1,0,0,0,凤凰鸣碎片
2002101,龙眼,fengchushouzhuo.png,20,2,1,1,1,0,0,0,龙眼
2002102,虎眼,fengchushouzhuo.png,20,2,1,1,1,0,0,0,虎眼
2002103,凤眼,fengchushouzhuo.png,20,2,1,1,1,0,0,0,凤眼
2002201,龙角,fengchufazhan.png,20,2,2,1,1,0,0,0,龙角
2002202,虎尾,fengchufazhan.png,20,2,2,1,1,0,0,0,虎尾
2002203,凤翎,fengchufazhan.png,20,2,2,1,1,0,0,0,凤翎
2002301,龙鳞,fengchujiezhi.png,20,2,3,1,1,0,0,0,龙鳞
2002302,虎皮,fengchujiezhi.png,20,2,3,1,1,0,0,0,虎皮
2002303,凤羽,fengchujiezhi.png,20,2,3,1,1,0,0,0,凤羽
2002401,龙爪,fengchuxianglian.png,20,2,4,1,1,0,0,0,龙爪
2002402,虎爪,fengchuxianglian.png,20,2,4,1,1,0,0,0,虎爪
2002403,凤爪,fengchuxianglian.png,20,2,4,1,1,0,0,0,凤爪
2002501,龙须,fengchuerhuan.png,20,2,5,1,1,0,0,0,龙须
2002502,龙心,gem_101.png,20,2,5,1,1,0,0,0,龙心
2002503,虎须,fengchuerhuan.png,20,2,5,1,1,0,0,0,虎须
2002504,虎心,gem_101.png,20,2,5,1,1,0,0,0,虎心
2002505,凤嘴,fengchuerhuan.png,20,2,5,1,1,0,0,0,凤嘴
2002506,凤心,gem_101.png,20,2,5,1,1,0,0,0,凤心
